Unnamed: 0,black,white,blue,brown,gray,orange,red,yellow,patches,spots,stripes,furry,hairless,toughskin,big,small,bulbous,lean,flippers,hands,hooves,pads,paws,longleg,longneck,tail,chewteeth,meatteeth,buckteeth,strainteeth,horns,claws,tusks,smelly,flys,hops,swims,tunnels,walks,fast,slow,strong,weak,muscle,bipedal,quadrapedal,active,inactive,nocturnal,hibernate,agility,fish,meat,plankton,vegetation,insects,forager,grazer,hunter,scavenger,skimmer,stalker,newworld,oldworld,arctic,coastal,desert,bush,plains,forest,fields,jungle,mountains,ocean,ground,water,tree,cave,fierce,timid,smart,group,solitary,nestspot,domestic
antelope,-1.3734188687159177,-0.9743231671530306,-0.36626751292264065,-1.5143798414287228,-0.6341937841177029,-0.3966154102637097,-0.2771185434134829,-0.36531150493410997,-0.06849970438100209,-0.21740134357878577,-0.33386784072212544,-0.36033752568411365,-0.5690575932072942,0.17695301619889076,-0.1160648797589535,-0.7051022853076763,-0.45516292861879887,0.7421619365519275,-0.400752537595297,-0.40685756132262346,2.070886954632093,-0.46782510669083055,-1.0936148423462644,1.9927347252820602,0.5977844346749268,-0.2619618002323208,-0.10154173947610212,-0.7813704480757911,-0.7122123262181599,-0.55974711574406,3.1690198036590647,-0.9187404148176979,0.26564621812625777,-0.768622337004476,-0.20796957007376515,0.33740544624269175,-0.5066593767925182,-0.3520354603869078,0.19356401501234938,1.1816628540115717,-0.8483324318402523,-0.1639246478309338,-0.32211515906905364,-0.048004654555265716,-0.5293919967583961,0.47697312574327694,0.10240048494824111,-0.7951830416808884,-0.7310299428143308,-0.28672608435501457,1.179129100342314,-0.7355338258576348,-0.7561811314714295,-0.2874867137088554,0.9492847053012842,0.7971824802126907,0.6847444542316073,1.6069268281942641,-0.8527239944786624,-0.799993486430234,-0.2907170731127744,-0.5945623759228502,-1.0554700958775918,0.42348077514809207,-0.24955622369297709,-0.7421474025094682,-0.6518381199567861,0.36598359265304503,1.9787531005121375,-0.7725983060847362,0.8363189097135382,-0.5820274355944602,0.6612014121687126,-0.4152074127884363,0.41921567666176673,-0.5541391156080777,-0.5264952615698832,-0.4442069177246541,-0.6753329768060178,0.5343185985355161,-0.8667672025317578,0.9217858485055181,-1.3629288555149945,-1.0604940165452337,-0.6564101646099736
bat,2.18117071743573,-0.9239306416148871,-0.36626751292264065,0.6268545917743937,0.03930036443308092,-0.3966154102637097,-0.2771185434134829,-0.36531150493410997,-0.8527104956766026,-0.5956812059594745,-0.33386784072212544,-0.336201413585598,0.9974857621704238,0.24467058639904685,-1.2366129954483505,1.6633951364461328,-0.5340939357904919,1.0132426546588638,-0.400752537595297,-0.08590376884915014,-0.549470328126751,-1.1122898935126062,-0.8319444329184418,-0.2714024127837303,-0.12468655795471069,-1.3708040272772304,-0.3695985288535426,1.3548879133142937,-0.414244222793259,-0.55974711574406,-0.42923944478525533,1.3839396534414672,-0.26781959737459454,0.460845390145841,6.8305262550511925,-0.1827857599364788,-0.5493051377110574,-0.3520354603869078,-1.924165051380486,1.6120495352537054,-0.5130795579102779,-1.1840985797395498,1.4790873551528534,0.4911902824147486,0.8710379345193837,-1.9600317801681852,-0.12683359631704177,0.9054560614187156,4.070427928128974,1.7708959076116042,0.2991885090213372,-0.4681929705452167,0.6840371382675636,-0.2874867137088554,0.14482534557734406,4.506845700080651,0.1494668942799538,-0.3584654599558011,0.852377301054432,1.6653150276743371,-0.2907170731127744,-0.25973704181552354,0.9584530844003896,0.8956930972174284,-0.5203241297926066,-0.040130235092633894,1.455311202331606,-0.009604790095589085,-0.7329467204217273,1.5316239744289677,-0.303651809709511,0.951538301529948,1.2536448832983689,-0.4152074127884363,-1.5388211129774985,-0.5042599924992845,2.157090231105812,5.051100714363152,0.2412621061089251,-1.0773399401384252,-0.07061090228402206,1.4709781570486562,-0.3402649923067378,1.3267349066908316,-0.7638397761267013
beaver,-0.6209563216965955,-0.9743231671530306,-0.36626751292264065,1.919181071273353,-0.8472468350318071,-0.3966154102637097,-0.2771185434134829,-0.36531150493410997,-0.918677083100526,-0.29791683065981395,-0.33386784072212544,-0.06192741246610056,-0.7072183149008227,0.011161723639887836,-1.0683813716795156,0.6225896366935605,0.44570884597208865,-0.7435506307569664,-0.2238109321168388,0.3906639836114617,-0.549470328126751,0.9072540014378939,0.2803292540894226,-0.7749523931652454,-0.4687808268521303,1.7385671313710735,1.087198738416468,-0.8025552308343965,3.5410845837319758,1.7392999841703278,-0.42923944478525533,0.3840693355536184,-0.26781959737459454,-1.1104940582224128,-0.20796957007376515,-0.3760217206271068,2.018455068489768,0.31527612505187963,-1.580969327103306,-0.7725483540838997,-0.5721818882687537,-0.19328498739085176,-0.2827159061148741,-0.14696013829533103,0.20767638812464592,-1.249222136762365,1.3351704330859857,-1.0758318036864596,0.2891877551855919,1.319248953170548,0.044044923413176715,1.349724845579227,-0.8278963122541207,-0.09277509412572925,-0.5478406007765086,-0.589002326501284,-0.6818445306562483,-0.5859201100090774,-0.7049853193804854,-0.14479101103036565,0.349290572873432,-0.5430190671009095,0.8529998110556035,-1.3329770017798555,-0.004029393585685995,1.7837672457120837,-0.6518381199567861,-0.910374877268809,-1.0608138632555886,-0.15952842477979004,-0.3403202489743404,-0.5820274355944602,-0.8195755503860382,-0.4152074127884363,-0.7329109706964282,1.8005861062617128,-0.5264952615698832,-0.5293464615899771,-0.9551269468624812,0.1423223379723895,0.44718796780242154,-0.35699384076945617,0.3509907744815902,1.1875351241776617,-0.4758369878052614
blue+whale,-0.8717771707030362,-0.8155323312846362,5.437394972750986,-1.221113620664965,-0.05049885537369021,-0.3966154102637097,-0.2771185434134829,-0.36531150493410997,-0.11071832033231296,0.4762705451193035,-0.22297776475489897,-1.7532837527030014,2.0308759877527396,0.9531364760103354,1.3095711362288098,-0.9065256324488895,1.6649503813337159,-0.5946940259017538,2.2198415143196764,-0.40685756132262346,-0.549470328126751,-1.1122898935126062,-1.0936148423462644,-0.7749523931652454,-0.4687808268521303,-0.8786138550685205,-2.3632708998482563,-0.9917050768933734,-0.842474488246391,4.808051636902128,-0.42923944478525533,-0.9187404148176979,-0.26781959737459454,-0.49662642367061055,-0.20796957007376515,-0.3760217206271068,1.9407912437275499,-0.3520354603869078,-2.025822552647423,-0.9251012569400222,1.1524852519333186,0.6855678434360256,-0.8572883450299922,-0.09129767869154423,-0.5293919967583961,-2.2173528130882807,-1.4401827972631889,0.828653005149701,-0.4785543064291789,-0.6589861631936051,-1.2268836199148447,0.49680058079048794,-0.9203127823349082,4.408682957326479,-1.2321975772177198,-0.589002326501284,-1.3234526217043927,-0.7658125735419387,-0.6187059331231499,-0.799993486430234,4.3920908710391,-0.5945623759228502,-0.528672410368527,-0.8000653225214442,0.9826672133875398,-0.34473683118927745,-0.6518381199567861,-0.910374877268809,-1.0608138632555886,-0.9870859274477982,-1.0653342000080548,-0.5820274355944602,-0.8195755503860382,2.353713793164143,-2.123562099701588,2.194954137172243,-0.5264952615698832,-0.5293464615899771,-0.7994552276174163,0.8187289288897409,0.29476700604419914,0.09893939651163944,0.00913548763161101,-0.9534901020963341,-0.7851733160023634
bobcat,-0.7471432813360588,-0.6320890368795961,-0.36626751292264065,-0.013247812745968115,-1.0673429620091874,2.313860355997184,0.5801965890375841,2.0424665589395925,-0.5228775585569859,0.9431650855891711,-0.22297776475489897,0.6131523289560222,-0.7613565287305751,-1.0396281587763276,-0.6784306274196056,-0.07778203690484824,-1.207873706507514,0.8620081487676255,-0.400752537595297,-0.40685756132262346,-0.549470328126751,0.777201338801623,1.0956942498665176,-0.6026611133814241,-0.4687808268521303,0.7785569457898057,-1.91244811771347,1.8039296478583051,-0.842474488246391,-0.55974711574406,-0.42923944478525533,2.134055130222862,-0.26781959737459454,-0.7368606061480798,-0.20796957007376515,-0.08616777959116481,-0.5493051377110574,-0.3520354603869078,0.2850557661525928,1.3141878617999911,-1.0179968801969113,-0.18623850589647148,-0.6931247910542442,1.1417101385923365,-0.5293919967583961,0.7311173557878162,1.0258201981663715,-0.8517747673527938,0.23270001552743547,0.8440004951720012,1.589274591200483,-0.0819389027898349,1.723537593736262,-0.2874867137088554,-1.1377774645740648,-0.589002326501284,0.9100926820667841,-0.7658125735419387,2.3557660588534817,0.3828653824916616,-0.2907170731127744,2.1673342839920196,0.3069861957370445,-0.20071891374113238,-0.21421871730370343,-0.6381171399604917,2.2441321620523036,0.2671107534337465,0.4398301661278208,0.35671809708393604,-0.3978757738963509,0.11608831040993446,2.534729253680638,-0.4152074127884363,-0.23183155589328908,-0.5541391156080777,0.6464252012636224,1.2841950418827588,1.8760227204744344,-1.555617986314631,0.5017784541058982,-0.8265862349525683,1.9523129076209664,-0.05863435736881244,-0.8327928246533951
buffalo,0.3881510878509885,-0.9743231671530306,-0.36626751292264065,0.8728071955882651,-0.7416006940826644,-0.3966154102637097,-0.2771185434134829,-0.36531150493410997,-0.8089086816271176,-0.6552340810194066,-0.33386784072212544,-0.3182821788457908,-0.4815702396584142,0.8219044951396879,1.2632551474469815,-0.9065256324488895,1.0335023239601713,-1.159683312061474,-0.400752537595297,-0.40685756132262346,0.687660189836466,-1.1122898935126062,-1.0936148423462644,-0.4303698335976028,-0.4687808268521303,-1.7938003556475806,0.011925481027416886,-0.9682504959820601,0.061977365512379236,-0.55974711574406,1.6232046673034808,-0.9187404148176979,-0.26781959737459454,-0.07968152042846459,-0.20796957007376515,-0.3760217206271068,-0.5493051377110574,-0.3520354603869078,0.39484586752088513,-0.7814969880503202,0.6450204154070959,0.5113631620471792,-0.8572883450299922,-0.32969043497442874,-0.5293919967583961,0.2375216089981881,-0.9279951328603543,0.4544546558089394,-0.7855528915278557,-0.6589861631936051,-1.3435704474626042,-0.7355338258576348,-0.9203127823349082,-0.2874867137088554,0.7022816906254828,-0.589002326501284,0.10657219139443772,1.3069782002993866,-0.5899461377040381,-0.799993486430234,-0.2907170731127744,-0.5945623759228502,0.4963334065427937,-1.3678671834712135,-0.5203241297926066,-0.7421474025094682,-0.6518381199567861,-0.46480506935846355,2.758200369008881,-0.9870859274477982,-0.3899850970925269,-0.5820274355944602,-0.5124072109313564,-0.4152074127884363,0.16111082711840916,-0.21754474527679704,-0.5264952615698832,-0.5293464615899771,0.009622587872268277,-0.49680199990227325,-1.2759255998756382,1.0348271470049633,-0.9885711984381923,-1.090796010017488,-0.8876504986193837
chihuahua,-0.10650179393570702,-0.6117870122023584,-0.36626751292264065,1.0190492843424594,-0.18123595479825422,-0.21387028039175082,-0.25654298023465727,-0.3389451222810909,-0.0162541671412547,-0.093531363454127,-0.26467243331857615,0.11763063360013032,-0.04846452902039427,-1.1274274911737714,-1.2739645993046638,2.1449671530267094,-1.1805344749731845,0.47155679865219596,-0.400752537595297,-0.40685756132262346,-0.549470328126751,0.7183877142973223,1.4721507455633451,-0.7749523931652454,0.007364379186734477,0.0953221355619767,-1.887317793709335,0.9985296033391812,-0.842474488246391,-0.22058152808407286,-0.42923944478525533,0.3474783366862333,-0.26781959737459454,0.407139190697753,-0.20796957007376515,0.3003041417900912,-0.37594838600967845,-0.3520354603869078,0.849458213186628,-0.6502503565428179,0.03412650075354049,-1.3093693618618667,3.171941923750767,-1.1308925050289342,-0.34541972789158876,0.9995571987723607,0.794270621130732,-0.46602708624225536,-0.7855528915278557,-0.6589861631936051,-0.65302825160161,-0.7355338258576348,1.1771714226186463,-0.2874867137088554,-1.0905674082522374,-0.4518106393759897,-1.1301243833471364,-0.6219753159197149,-0.5934918659063944,0.5278835303801658,-0.2907170731127744,-0.5376585629834277,0.8726844220799637,-0.46454604105112624,-0.5203241297926066,-0.6291361101001485,0.4960323800505739,-0.7049248217481887,-0.7789923597706452,-0.7665197095278885,-0.5329455944794566,-0.5820274355944602,-0.6948506090955843,-0.4152074127884363,1.1223288874867754,-0.5092837890713932,-0.06863233390957496,-0.5293464615899771,0.2603578370029864,0.40063509119673224,-0.2035738689241733,-1.4021548464789104,1.1072512817235645,-1.0510246435851538,1.826280538420216
chimpanzee,0.4712403474289735,-0.6143247652870132,-0.36626751292264065,1.1875796058746984,-0.6029401340869148,0.12530468065060482,-0.2771185434134829,-0.10164767840391917,-0.8859576557382599,-0.6552340810194066,-0.33386784072212544,1.2447139288671853,-0.7414336660412262,-0.1775134374695126,-0.4286231008285827,0.4502450122030153,-0.9186069986604156,1.0160961359020948,-0.400752537595297,4.3205243403179105,-0.549470328126751,-0.30960817316517614,-0.7687946407765273,2.2270508657880574,-0.3100657581725087,0.33293118421445733,1.6438734913565503,-0.07092362627827398,-0.2180599139896073,-0.55974711574406,-0.42923944478525533,-0.30435201523044103,-0.26781959737459454,1.586943120508978,-0.20796957007376515,0.4208833812610431,-0.4192875739350232,-0.3520354603869078,0.40257183761717225,0.5884962596659772,-0.2323434887075182,0.1347678732919647,0.27675348583447507,0.8341609931047475,3.410680761472393,-0.4490649124815117,1.7978064880031932,-0.7870985094420447,-0.3036879123569726,-0.6589861631936051,1.7686588186246508,-0.6285974837326676,-0.6131204357863704,-0.2874867137088554,1.3039266483908525,1.8563023048199636,0.7022648258327336,-0.3078347452727783,-0.5572466442823083,0.5418611831886964,-0.2907170731127744,-0.2337592141692654,0.3627592603060646,1.3091178528752994,-0.4629580479918376,-0.08728064185943625,0.2548526383428663,3.26860765830531,-0.1964872836698763,1.7734652802978452,-1.0653342000080548,3.1774975244456005,0.9949069731745549,-0.4152074127884363,-0.8463881028232493,-0.5092837890713932,3.3059870218089924,0.16284495194923504,-0.1518608755579457,0.02301912823578586,2.743231391734792,2.048430790216656,-0.9914731957798729,1.9914848884884193,0.4194097748341349
collie,-0.9801038222089138,0.5254889058779001,-0.36626751292264065,0.33397939263832116,-1.0123189302648423,0.1881690053265587,-0.19138703016837622,-0.36531150493410997,1.0339339046476046,-0.22216557358358033,-0.33386784072212544,1.1068455309711176,-0.7613565287305751,-1.0980053744661173,-0.48778804133698284,-0.15508888492735615,-0.8520227412139035,-0.1600137165162453,-0.400752537595297,-0.40685756132262346,-0.549470328126751,-0.03956251699049893,1.5639098358027015,-0.04397792346908619,-0.3894232925123195,0.8912689304070082,0.13681557607826964,0.8861745947801489,-0.414244222793259,-0.07577795527033405,-0.42923944478525533,-0.2081942740208011,-0.26781959737459454,-0.2777592237692625,-0.20796957007376515,-0.3760217206271068,-0.5493051377110574,-0.3520354603869078,0.4639729683824022,0.25228329778474584,-0.9543090242071745,-0.7123757908102013,-0.5512874804191978,-0.6552314865965752,-0.4928334048681972,0.5679091080560889,0.7076710793194027,-1.111634732172767,-0.7855528915278557,-0.6589861631936051,-0.13882249289301354,-0.7355338258576348,0.9694191978770356,-0.2874867137088554,-0.948937239286755,-0.589002326501284,-0.9512957628666742,-0.7658125735419387,0.024646750704378502,-0.40337758798818035,-0.2907170731127744,-0.43993244945702814,0.4757114330887023,-0.29774229570477145,-0.5203241297926066,-0.27438543061658827,-0.6518381199567861,-0.21312875134570364,-0.0422621301879585,-0.9870859274477982,-0.25445111905037293,-0.5820274355944602,0.009712623087724583,-0.4152074127884363,0.29861841075443923,-0.5541391156080777,-0.5264952615698832,-0.5293464615899771,-0.8928582591644553,0.7393709902703038,0.4628624638697564,-1.4318281873350147,1.1699344243038665,-0.22056063498617356,2.038092112900005
cow,0.7740890505636854,1.0363023482033973,-0.36626751292264065,0.7723146372732175,-0.4950930318679985,-0.2876993128600222,-0.25139908943995093,-0.36531150493410997,0.48878602617630235,0.8383520254836908,-0.15245167643974294,-0.5812195212523492,0.08146718417101172,0.8261076546693529,0.767225848235142,-0.7430464721811091,0.37118739227367464,-0.9157106657652313,-0.400752537595297,-0.40685756132262346,1.1247770353056292,-0.4819072421355223,-0.9610351682361675,-0.14459603086283782,-0.06564455240589148,0.7032705622424081,0.6820674544710182,-0.8857811631003463,-0.0735585682578854,-0.5450344532656587,0.8206648600901193,-0.9187404148176979,0.03781185942276875,0.7189816391060062,-0.20796957007376515,-0.3760217206271068,-0.5333563165545305,-0.33754526596023693,0.3411707068519423,-1.3738113315419698,1.323678208833731,0.3629955794710605,-0.07521317388952861,-0.4702522016506578,-0.5293919967583961,0.2613476305648637,-0.83583840120017,1.32758413760405,-0.4348377079111273,-0.6589861631936051,-0.8350248706872945,-0.7355338258576348,-0.9092228059252138,-0.2874867137088554,1.0841166261564235,-0.3343745551967377,-1.0068776313943852,1.569720924222649,-0.8527239944786624,-0.7370940487918466,-0.2907170731127744,-0.5945623759228502,0.7826976288257461,0.6987786471237376,-0.5203241297926066,-0.08653222270440766,-0.5956232929422076,-0.3948236441967523,0.6234579567843488,-0.543782564266247,1.6026428746025665,-0.5579121961247534,-0.21120974632568582,-0.4152074127884363,0.429005860609963,-0.5344027719319365,-0.5264952615698832,-0.5071963363567223,-0.972147054833275,0.9939555181903775,-1.0613471537124672,0.9679443787261248,-1.2068013985325763,-0.19025864151391883,1.8049469985445536
dalmatian,1.328146870272959,1.6841544571002482,-0.36626751292264065,-1.2645170213380013,-1.1773910254978774,-0.3966154102637097,-0.2771185434134829,-0.36531150493410997,1.0381557662427356,4.108995923775162,-0.33386784072212544,-0.7604118686504208,0.36038726182189645,-0.8061192960171687,-0.09933136123132509,-0.618575354493493,-1.207873706507514,1.8688114474209316,-0.400752537595297,-0.40685756132262346,-0.549470328126751,-0.4910192121291464,1.3147996060274143,1.06603736175148,-0.4687808268521303,0.3107369324172477,0.25942109621965576,0.3535286282780702,-0.842474488246391,-0.55974711574406,-0.42923944478525533,-0.7413166179839816,-0.26781959737459454,-1.2906696950805148,-0.20796957007376515,-0.3760217206271068,-0.22408787151927045,-0.3520354603869078,0.7388548518082003,0.793036464612734,-0.8269333122277008,-0.1102930942348171,-0.6018498550437282,-0.1823817034977407,0.06851787705872764,0.8768531877039816,-0.0684831029040607,-1.003648480125356,-0.662753457488385,-0.6589861631936051,0.14984678570461527,-0.7355338258576348,0.5428247719841203,-0.2874867137088554,-1.2321975772177198,-0.589002326501284,-1.3234526217043927,-0.7658125735419387,-0.5572466442823083,-0.799993486430234,-0.2907170731127744,-0.2337592141692654,0.8544058547002007,-0.81679349182552,-0.5203241297926066,-0.6485950081308922,-0.6518381199567861,-0.910374877268809,-1.0608138632555886,-0.9870859274477982,-1.0073145176269958,-0.5820274355944602,-0.8195755503860382,-0.4152074127884363,-0.2816724923568339,-0.5092837890713932,-0.23208751487472618,-0.5293464615899771,-0.721411805702557,0.13113766205958305,1.0622768134792193,-0.30989329972802065,0.2058909073975583,-0.9137187356639999,1.7942802286067225
deer,-1.3734188687159177,-0.2369246279833634,-0.36626751292264065,1.4515192045620804,-0.9167972111566594,-0.3966154102637097,-0.2771185434134829,-0.36531150493410997,0.6824639268529412,1.635407705285822,-0.33386784072212544,0.16041737777477197,-0.7613565287305751,-0.30547629426153183,-0.08229902987284625,-0.3618315106022283,-1.207873706507514,0.8624837289748309,-0.400752537595297,-0.40685756132262346,2.0572148459713064,-1.1122898935126062,-1.0936148423462644,1.4754014425178392,1.7005367318609377,-0.120092661293294,0.11625440189306853,-0.8173089188269967,-0.3662528999407528,-0.55974711574406,2.4829511582105135,-0.9187404148176979,-0.26781959737459454,-0.9135713269127566,-0.20796957007376515,0.41547277436170543,-0.5493051377110574,-0.3520354603869078,0.5493652694466296,1.3039608515526535,-0.9543090242071745,-0.5428687637509417,-0.42980645047714433,0.3140824564027001,-0.5293919967583961,0.5111237566555119,0.510390839685038,-1.1480151272475634,-0.6563678869183326,-0.6589861631936051,1.1651963448142233,-0.7355338258576348,-0.7014705811836034,-0.2874867137088554,1.3231883513701577,-0.589002326501284,0.12107180927123184,1.8942177774183855,-0.6454958795409527,-0.3972623648844482,-0.2907170731127744,-0.5945623759228502,0.7939459779825234,-0.08409967630700481,-0.45653304683015145,-0.3791641123205934,-0.3689506033672945,0.3602053098415276,0.9884944711408306,2.018345884445147,1.567366907714883,-0.5820274355944602,0.8496156851819515,-0.4152074127884363,0.6826606265405043,-0.5541391156080777,-0.5264952615698832,-0.5293464615899771,-1.1107986661075462,2.038923810615451,0.348276492618894,1.151165483377309,-1.1214826766871657,1.0085639752321578,-0.5844094675296138
dolphin,-0.9766094140958211,-0.19378282554423337,2.032891114503264,-1.5014761277151176,1.4998582630549768,-0.3966154102637097,-0.2771185434134829,-0.34843702003617777,-0.7445252923013683,-0.6171202409810501,-0.33386784072212544,-1.7306104352771232,2.412009013114197,0.6747939116014178,0.15495835782245534,-0.2944539825092167,-0.5548188371149029,0.18145287225705356,3.0912183248608502,-0.40685756132262346,-0.549470328126751,-1.1122898935126062,-1.0936148423462644,-0.5103129874172959,-0.4687808268521303,-0.20712894285097921,-0.6917235910883647,-0.5460680395784239,-0.707993308824533,0.36637626973846205,-0.42923944478525533,-0.9187404148176979,-0.26781959737459454,-0.8535127812933893,-0.14778639409250902,-0.2763119649107427,1.5434575688279895,-0.3520354603869078,-2.025822552647423,0.6801132264650456,-0.8671840372132145,0.1617793856870894,-0.25447977483104545,-0.03957094855469205,-0.0759475263783486,-2.0267446405548766,0.6562670732174908,-1.1208741975885885,-0.755098631886067,-0.6589861631936051,0.6671003346849818,1.6974818301696206,-0.8097826841182864,0.4489226167657885,-0.9534694046936505,-0.589002326501284,-0.7881750617527392,-0.737045122017494,-0.06439042415478947,-0.4488049596159046,0.24074527611417143,-0.3372581782837223,0.5558559208307398,0.45215763681222154,0.4131367532695058,1.0592975036443912,-0.6518381199567861,-0.910374877268809,-1.0608138632555886,-0.9870859274477982,-1.0653342000080548,-0.5820274355944602,-0.8195755503860382,2.4687897250806716,-2.123562099701588,2.007997136167342,-0.5264952615698832,-0.5293464615899771,-0.6653699867743336,-0.4339547733445981,1.4471127169255114,0.8760983236953255,-1.2694845411128781,-0.6485762927817712,0.4712198002464574
elephant,-1.2763519766855613,-0.8383721090465286,-0.36626751292264065,-0.9188539024644521,2.5189033309602475,-0.3966154102637097,-0.2771185434134829,-0.36531150493410997,-0.918677083100526,-0.5956812059594745,-0.33386784072212544,-1.7115941045328378,2.195456157795187,2.4686089953172776,1.2802874788054606,-0.8621983113350662,0.931641638727428,-1.10023578616083,-0.400752537595297,-0.40685756132262346,-0.13540075154291462,0.3042072600416824,-0.9163767516938193,1.0233091243650922,-0.3894232925123195,0.23327464183090782,0.5427083849935417,-0.9917050768933734,-0.2491751672676058,-0.55974711574406,-0.3823217329789357,-0.9187404148176979,4.083260960304232,1.5777033442598447,0.06725836886490626,-0.3760217206271068,-0.5493051377110574,-0.3520354603869078,0.6656614508960056,-1.6780648864002705,2.193399570229577,1.1627712290832257,-0.8572883450299922,-0.08061498442415095,-0.5293919967583961,0.5865728249499846,-1.505016678833168,1.8761773966684385,-0.41715458940944355,-0.6589861631936051,-1.2826146420272073,-0.7355338258576348,-0.710342562311359,-0.2874867137088554,0.8771477392415319,-0.4518106393759897,-0.8365071213420533,0.9153572935466123,-0.7049853193804854,-0.5815926612969445,-0.2907170731127744,-0.5945623759228502,-1.908001225718329,1.7975803965543093,-0.5203241297926066,-0.7421474025094682,0.9348707070676057,1.4593631068768464,-0.278037994323984,-0.6579733424413186,-0.3180406909400136,0.9028990897181662,-0.8195755503860382,-0.4152074127884363,0.8495387620211236,-0.5092837890713932,-0.5264952615698832,-0.5293464615899771,-0.25439664796736194,0.5407098419142626,-0.5835452735909475,0.8878734589556844,-1.1365730628639048,-0.8152372568791721,-0.7135535749912117
fox,-1.3734188687159177,-0.9177675269807258,-0.36626751292264065,0.4896060004569551,-0.6856962778304099,3.179341291070782,6.734004609771343,0.030184234861176246,-0.8363507819954696,-0.6552340810194066,-0.33386784072212544,0.6731269105341524,-0.7613565287305751,-0.890182486610466,-1.1176854887698493,0.965505792830098,-1.207873706507514,1.2472281166037984,-0.400752537595297,-0.026940666822773424,-0.549470328126751,0.6256112925440589,0.3919752954452934,-0.42623484288279107,-0.4687808268521303,0.8721209484643175,0.47569418764918187,1.4475713378831925,-0.5128637543692881,0.021015876824411132,-0.42923944478525533,0.47001563521887174,-0.26781959737459454,-0.617321000924916,-0.20796957007376515,-0.3760217206271068,-0.4411305246493969,-0.3520354603869078,0.5257807291527001,1.0389108359758146,-1.0179968801969113,-0.4316909446173857,-0.7752065680421182,-0.30326482283929757,-0.5293919967583961,0.43885149123659634,0.6956305013135495,-0.8910424953700341,1.3383861196188298,0.5162614344077666,0.6235604736596984,0.4865346919464912,1.6255761354506277,-0.2874867137088554,-1.0327822993143205,-0.589002326501284,0.6116422141027698,-0.7658125735419387,1.5709782167319657,0.9105217760136888,-0.2907170731127744,1.9289980239993658,0.776604773032492,-0.17299794746580702,0.3644903159024538,-0.18083303623801225,1.7273184298215016,-0.10783559789138566,0.11362732351139025,1.6970486378689003,0.7769067549553336,-0.37766099941050396,0.05084531649202317,-0.4152074127884363,0.485076914131451,-0.5541391156080777,-0.4676137122308518,-0.24831674769305703,0.7531107189866988,-1.289316178866855,2.467576460895454,-0.5778953782537888,1.2970419078694784,0.6610379875972364,-0.8087925922932752
german+shepherd,0.31709812288476774,-0.39861575309136316,0.06632509930705724,0.603393294113293,0.003204599608790539,-0.16854948818350501,0.1515390228120506,-0.325234603301521,1.6556030245306583,-0.1030598234637161,-0.26467243331857615,0.6621559504893726,-0.5989418872413177,-0.2942678688490921,0.36592021640291256,-0.8621983113350662,-0.508959480992802,0.6498993763541279,-0.400752537595297,-0.40685756132262346,-0.549470328126751,2.3618557567837013,0.9927705554915739,0.32357680673639927,-0.4687808268521303,1.1179984438647779,-0.12591053851041492,1.861809500752352,-0.842474488246391,-0.17257178736507925,-0.42923944478525533,0.43555202000656706,-0.26781959737459454,0.06122506737082029,-0.20796957007376515,-0.3760217206271068,-0.5493051377110574,-0.3520354603869078,1.1015688163286321,0.5919052630817567,-0.8590319916465282,0.9623379776875188,-0.7752065680421182,1.3323118942053032,-0.23456464280517927,1.0758004677857225,0.8878166502531302,-1.111634732172767,-0.41715458940944355,-0.6589861631936051,1.0842122033071964,-0.4681929705452167,1.6396234389029072,-0.2874867137088554,-0.948937239286755,-0.589002326501284,-0.9839199030894612,-0.7420314802817309,0.8716818212672606,0.18281022666956853,-0.2907170731127744,0.27218990522690434,0.9022113386165036,0.09417481370500201,-0.2334937207887618,-0.5550426137523162,-0.425165430381873,-0.7498670213933243,0.1225035913376875,-0.21032812457630462,-0.4851373761974639,-0.5820274355944602,-0.0732161942596517,-0.4152074127884363,1.107643611564481,-0.41957313599802415,-0.5264952615698832,-0.3562986082051741,1.2736769481421961,-1.023014371419079,1.2930702555741165,-0.8722737597627608,0.5384598027541595,-0.4137358433717972,1.635802503816089
giant+panda,1.610417392297235,1.647900841605181,-0.36626751292264065,-1.3188690275862176,-0.9845868182656924,-0.3966154102637097,-0.2771185434134829,-0.36531150493410997,3.564412198229304,0.49628031113944077,-0.33386784072212544,1.3240705398577601,-0.7613565287305751,-0.6893648646375892,0.967430444904981,-0.7735436691074195,1.888514742428958,-1.10023578616083,-0.400752537595297,0.46300016032423325,-0.549470328126751,2.3345198468028294,1.367831475671453,-0.6600915399760312,-0.3100657581725087,-1.6353943232125934,1.8631926826653653,-0.2823931541722101,1.1678872998168348,-0.17257178736507925,-0.42923944478525533,0.716792139208213,-0.26781959737459454,-0.12241548558070663,-0.20796957007376515,-0.2794037402817928,-0.5493051377110574,-0.3520354603869078,0.9002869638200965,-1.6247992080287192,2.019149596241657,0.3273717008050266,0.06399751988190563,-0.5231034259209197,2.3410471213301225,-0.025358828954131808,-1.5504003959321533,1.8698252641950615,-0.31252947160781447,0.3419321467672162,-1.0988764285005117,0.17342508220458697,-0.3887332464302182,-0.2874867137088554,1.2608710770253457,0.0772005061791456,1.1312118546878962,0.8390276555017524,-0.7049853193804854,-0.47239224873029984,-0.2907170731127744,-0.33684583181314676,-0.7531707122892048,1.789933233443875,-0.29085980258953076,-0.3574599568247638,-0.6518381199567861,1.141557552243387,-0.21313028584418403,1.0983068770193811,-0.6462000144872839,1.283838126765061,0.3825605858815284,-0.4152074127884363,-0.13081465788235414,-0.5092837890713932,1.7873141012566949,0.46740917390648845,-0.8513458006991046,1.9510442141576854,0.19963902991140764,-0.13750531951636666,1.7149295250714904,1.6373303397814425,0.15121670211152427
giraffe,-1.136187384593727,-0.5439927512265827,-0.36626751292264065,-0.2548991786553045,-1.1773910254978774,1.408906472871244,-0.0387849365920863,4.7423841426087465,1.5891087044073435,3.017034406676247,-0.33386784072212544,-1.125379139473432,-0.1528430052841571,-0.5226395366275497,1.063648176438844,-0.9065256324488895,-1.1589276629541179,2.113259673924379,-0.400752537595297,-0.40685756132262346,1.3271242434852775,-1.0659016826359746,-0.8616004126535951,3.084831717405109,5.670952889950351,-0.07875042755339372,1.001907941796373,-0.9917050768933734,0.12368049489417299,-0.04325522768649968,0.7889748266770786,-0.9187404148176979,-0.26781959737459454,-0.015003086684530525,0.11790030962962182,-0.21988706438907937,-0.5493051377110574,-0.3520354603869078,0.5794558898216428,-0.48022631118082654,0.4172726423877972,-0.2473080121811009,0.2202812232668178,-0.307762799372937,-0.5293919967583961,0.8450851589484143,-0.6834787795107192,0.8523291352777431,-0.7855528915278557,-0.6589861631936051,-0.7340123931086371,-0.7355338258576348,-0.7147785528752367,-0.2874867137088554,1.3968360392322088,0.4525569621539511,-0.5513479697651003,1.3760200839580545,-0.8527239944786624,-0.799993486430234,-0.2907170731127744,-0.5945623759228502,-1.599608986336688,0.9181566388543301,-0.5203241297926066,-0.7421474025094682,1.6765437473567213,1.4099266872671974,1.751298737463266,-0.504705872115082,0.6279122106007738,0.10954858445204799,-0.8195755503860382,-0.4152074127884363,0.4423561114484124,-0.5541391156080777,-0.06109549559417893,-0.5293464615899771,-1.064719837211007,0.860272010851594,-0.9002781941239911,0.46491060040359355,-0.9438804393763105,-1.1561346834420374,-0.8487929795601419
gorilla,1.0870327104695539,-0.9094291954168603,0.25147473734136794,0.26515958616575913,-0.4286240015208296,0.22325607026197483,0.3350044611565789,-0.36531150493410997,-0.918677083100526,-0.6552340810194066,-0.33386784072212544,1.1434153977870507,-0.7613565287305751,0.1550031830995297,0.8320682325297019,-0.8178709902212429,0.19304143195320533,-0.5566476093253417,-0.400752537595297,3.331524680555901,-0.549470328126751,-0.4396608358014471,-1.0500031074416272,0.767399143459523,-0.2307082238326979,-1.5931817266571162,0.22667552251729797,-0.15414955854422377,-0.21067663355076016,-0.55974711574406,-0.42923944478525533,-0.7251485022053697,-0.26781959737459454,1.1694207312512612,-0.20796957007376515,0.20368616144477716,-0.46262676186036794,-0.3520354603869078,0.5534315694973071,-0.2586410891551733,-0.06267904035085936,1.3964795319801726,-0.7752065680421182,2.1813049649297267,3.527432393637867,-0.7413307770327315,0.47426910566747815,-0.8413803687599948,-0.3557548723897082,-0.6589861631936051,1.06636086028683,-0.41857450779923183,0.21160414321457777,-0.2874867137088554,0.7812169047955785,1.0968091248943335,0.7735546137269719,-0.4781380582974912,-0.09984770617835206,0.30336748214314435,-0.2907170731127744,-0.13067259652538404,-1.5344622974703535,1.2847425204607887,-0.4629580479918376,-0.08728064185943625,-0.425165430381873,0.052672257984099004,-0.7834304936837939,0.45397564199350254,-0.7752357881027594,2.565624414510835,0.31754439308118537,-0.4152074127884363,-0.31104304420142304,-0.5092837890713932,1.8424272314380283,0.4480278143273904,0.8083222887456151,-0.9095698014463262,1.220643273745741,1.1059489639775308,-1.064023129321889,2.2035988427942024,-0.25450151159526596
grizzly+bear,0.15053133616067638,-0.9239306416148871,-0.36626751292264065,1.3846545062279438,-1.0123189302648423,-0.3966154102637097,-0.2771185434134829,-0.36531150493410997,-0.8527104956766026,-0.6552340810194066,-0.33386784072212544,1.2589761769253993,-0.7613565287305751,-0.13734991307493727,1.3164438313383717,-0.9065256324488895,0.7821577759832719,-1.159683312061474,-0.400752537595297,0.301307530025097,-0.549470328126751,-0.8016545528208764,1.3346865571439286,-0.3609938782713174,-0.4687808268521303,-1.6201629739399985,1.006477091615307,1.4555156314176694,-0.05140872694134408,-0.4629532836493148,-0.42923944478525533,2.011517831690224,-0.26781959737459454,-0.6409979275633204,-0.20796957007376515,-0.3760217206271068,-0.46262676186036794,-0.3520354603869078,0.6111730302169271,0.16364920897448468,0.1319510475537763,1.5945639562110858,-0.7752065680421182,1.2311074221984184,2.49022976243045,-0.7572147914105152,-0.4181229642278763,0.6606102278994517,0.4090400028081154,3.9615445559931666,-0.841120451230834,0.6396675338694442,1.4669894727919959,-0.2874867137088554,-0.5946729766477616,-0.589002326501284,0.2316313955817877,-0.7658125735419387,1.5437943005139005,-0.340478150349793,-0.1760277029520462,0.4796001799263937,0.7639503802311175,-2.055155968021523,-0.2151365746125157,-0.5340868774115153,-0.6518381199567861,-0.910374877268809,-1.0608138632555886,2.3735095975524034,-0.6011767409595821,-0.47984421750248213,2.089567362159922,-0.4152074127884363,0.0022428421408596704,-0.2799833598158619,-0.06533496714658928,3.148958709957397,1.4546712670511248,-0.8898634676951908,-0.5192257897284352,-1.3140768347314258,1.904139751749068,-0.07189147951292392,-0.5417423877782892
hamster,0.23323232817054004,0.46530790415608864,-0.36626751292264065,0.9396718939224019,0.4680476197850179,0.8826004988400025,0.1515390228120506,0.6893438011866533,1.8661683715878217,-0.2502745306118683,-0.0011976128204460518,1.4217120842563007,-0.7613565287305751,-0.8967207347677224,-1.2739645993046638,1.8002779040456192,0.5131750141132565,-0.8952607168554098,-0.400752537595297,0.049042712077196585,-0.549470328126751,-0.4910192121291464,0.4579162386211047,-0.7749523931652454,-0.4687808268521303,-0.882095306330828,0.16118437511258243,-0.5714141189503268,2.4314830092080966,-0.17257178736507925,-0.42923944478525533,0.03985866016158872,-0.26781959737459454,0.22407612376179703,-0.20796957007376515,1.4488986921351839,-0.5493051377110574,2.3927124207493162,0.5050425988942451,-0.16191061723243644,-0.5721818882687537,-1.3254196808212884,2.2263598528504587,-1.5177184869219162,-0.37372315387109756,0.6612276925255678,0.38442786977765014,0.5093139817153782,0.9130088801061031,0.7828511450457774,-0.11618176515986606,-0.7355338258576348,-0.9203127823349082,-0.2874867137088554,1.0463485810989614,0.5085311705010712,0.32346230880148463,0.1052658586182483,-0.8527239944786624,0.0395392853821306,-0.2907170731127744,-0.5945623759228502,0.3702581597439162,-1.261284847619531,-0.5203241297926066,-0.46149021937374024,1.841561465367258,-0.5893591655178396,-0.5753929665049479,-0.8785395603612285,0.9263654567689418,-0.5820274355944602,-0.8195755503860382,-0.4152074127884363,0.9510006683933401,-0.5541391156080777,-0.29096906421375757,-0.3562986082051741,-0.7475646545357278,0.611546122695371,-0.823527213380489,-0.6612633358971296,0.532075408602462,1.4867673097161773,1.7458988078172746
hippopotamus,-1.1882152387219977,-0.9743231671530306,-0.36626751292264065,-0.7866885923069186,2.409735651979467,-0.3966154102637097,-0.2771185434134829,-0.36531150493410997,-0.918677083100526,-0.6552340810194066,-0.33386784072212544,-1.7532837527030014,2.0066220679570104,1.9315386109712118,1.100999780295157,-0.8178709902212429,1.4136058333568162,-1.159683312061474,-0.400752537595297,-0.40685756132262346,0.009523600261428178,-0.42226525672271015,-1.0936148423462644,-0.6113905382238044,-0.4687808268521303,-1.7119862509833566,0.06903985376408746,-0.6606928462901639,-0.842474488246391,1.6177269310593279,-0.17201514760148548,-0.9187404148176979,-0.26781959737459454,-0.2800691678315458,-0.11622692376087469,-0.3760217206271068,0.8503772755258762,-0.3520354603869078,-0.04024823790160616,-1.7313305647718216,2.481778182151105,0.4702586866632939,-0.7752065680421182,0.2865323501341595,-0.5293919967583961,0.1739855514870533,-1.5156679593768074,1.680416223170725,-0.7855528915278557,-0.6589861631936051,-1.163315422817931,0.26239611885255965,-0.4120221968905767,0.10256060116118901,0.6267456005105588,-0.589002326501284,-0.9597538732948042,-0.05544830389831639,-0.7049853193804854,-0.5815926612969445,-0.2907170731127744,-0.5945623759228502,-1.8859732086196404,1.032386137816447,-0.5203241297926066,-0.46149021937374024,-0.6518381199567861,-0.6914421618546479,-0.7717803921617785,-0.6071736426448039,-1.0653342000080548,0.581635052036987,-0.8195755503860382,-0.4152074127884363,-0.7373610543092448,1.1245266247008037,-0.5264952615698832,-0.5293464615899771,-0.3150048373267738,0.019823506546412427,-1.3434880829244957,-0.49075937732713304,-0.04019846717695971,-1.7602806782951157,-0.9756513506064903
horse,0.3699025121492816,0.5813194737403036,0.01787472673733111,1.1997012763329338,0.4046599352155321,-0.3966154102637097,-0.2771185434134829,-0.36531150493410997,0.25763910384287486,0.0975142597381353,-0.33386784072212544,-0.2692785573124407,-0.21607643903730803,0.8261076546693529,0.8625471412764533,-0.9065256324488895,-0.5146919005080646,1.1211993616944333,-0.400752537595297,-0.40685756132262346,2.822462299299358,-0.8057963573634328,-1.0936148423462644,2.4673397706598927,2.3842812477327473,1.0361843392005539,1.4550152988406264,-0.8812415667949309,0.6130865125548954,-0.55974711574406,-0.42923944478525533,-0.9187404148176979,-0.26781959737459454,0.6190765584122512,-0.20796957007376515,-0.3760217206271068,-0.5493051377110574,-0.3520354603869078,0.23422701551912425,1.6427305659957194,-0.961442064078025,1.2285383896974416,-0.78439972706476,1.3576130122070245,-0.5293919967583961,0.576248215604425,0.785934836357449,-1.156099659486407,-0.7310299428143308,-0.5994460064917557,0.5991781514855397,-0.7355338258576348,-0.7040582423458654,-0.2874867137088554,0.6958611229657142,-0.589002326501284,-1.1820813474056489,2.0031505271909498,-0.691590346171584,-0.799993486430234,-0.2907170731127744,-0.5945623759228502,0.7991014713460463,0.14913879856125065,-0.5203241297926066,-0.5236090092411148,0.5685676407145461,-0.365932230139165,1.85393058420483,-0.5199023635072018,2.1902662177579337,-0.44591938909594536,0.2565087835135163,-0.4152074127884363,0.3916251582623045,-0.474476055678926,-0.5264952615698832,-0.5293464615899771,-0.4669404353099574,0.32926620680072843,0.19855803018262613,0.2567262090004485,-0.5254124227059623,-0.5946008669093176,1.2845610080060792
humpback+whale,-0.4411884376563756,-0.7597017634222327,2.3244585351460807,-1.1722359172043388,1.4386715397552652,-0.3966154102637097,-0.2771185434134829,-0.36531150493410997,0.0692385301601498,-0.3274550566895403,-0.15866152069390763,-1.7532837527030014,2.062925810339953,2.0436228650956076,1.5528047805411218,-0.9065256324488895,1.6548084083451742,-0.5057605271543905,2.1838876264484823,-0.40685756132262346,-0.549470328126751,-1.1122898935126062,-1.0936148423462644,-0.7749523931652454,-0.4687808268521303,-0.07875042755339372,-1.125792823887061,-0.9917050768933734,-0.842474488246391,2.7211766169394225,-0.42923944478525533,-0.9187404148176979,-0.26781959737459454,-0.42444067172425565,-0.20796957007376515,-0.3760217206271068,2.5489267286959874,-0.3520354603869078,-2.025822552647423,-0.70010703149859,0.3036535073021067,0.9991362699359496,-0.6931247910542442,0.11167351238893043,-0.5293919967583961,-2.2173528130882807,-1.226230988082258,0.5041167824189787,-0.6013537404686496,-0.6589861631936051,-1.0840728757519154,1.0712626106858123,-0.8278963122541207,4.84865632849989,-0.7646291794063405,-0.589002326501284,-0.6437830337296634,-0.7658125735419387,-0.23616125706893676,0.10331232632105115,4.840608229346234,-0.5945623759228502,-0.46399440271705805,-0.9133389260947568,1.7146584171653518,1.3242378845245184,-0.6518381199567861,-0.910374877268809,-1.0608138632555886,-0.9870859274477982,-1.0653342000080548,-0.5820274355944602,-0.8195755503860382,2.9234891054131897,-2.123562099701588,2.67365018197174,-0.5264952615698832,-0.5293464615899771,-0.9551269468624812,1.6783511633311623,1.4433292178747754,0.9425100865637497,-0.3930813439253254,-0.052952733592764804,-0.9756513506064903
killer+whale,1.864732649416769,1.3745485807723745,-0.36626751292264065,-1.5143798414287228,-1.1223669937535325,-0.3966154102637097,-0.2771185434134829,-0.36531150493410997,2.6957641750310812,0.9021927075479379,-0.33386784072212544,-1.7075714191830853,2.297235999795122,1.5074865162005786,1.440749968972182,-0.8621983113350662,1.5203170274101663,-0.0810674021201901,2.8286337505206727,-0.40685756132262346,-0.549470328126751,-1.1122898935126062,-1.0936148423462644,-0.7749523931652454,-0.3894232925123195,-0.21496220819117087,-1.4113646875704138,0.7163180330191877,-0.5787859011447087,1.7803405689784995,-0.42923944478525533,-0.9187404148176979,-0.26781959737459454,-0.8575551834023852,-0.11622692376087469,-0.3760217206271068,2.621389850907164,-0.3520354603869078,-2.025822552647423,0.6068196530257908,-0.7561124163671136,1.0022680394890073,-0.7752065680421182,-0.9301703022152791,-0.5293919967583961,-2.2173528130882807,-0.5413073392108365,-0.45621015423794525,-0.3557548723897082,-0.6589861631936051,-0.3238669022504677,2.1196665088789914,-0.11407149735011766,1.76322604895189,-1.0905674082522374,-0.589002326501284,-0.6655324605448547,-0.7658125735419387,1.4271792396364062,-0.22254170477781668,1.7941718344518915,0.023957329940438008,-1.35870684189571,-1.6465106893076742,0.6045100021568711,1.5113426732816704,-0.6518381199567861,-0.910374877268809,-1.0608138632555886,-0.9870859274477982,-1.0653342000080548,-0.5820274355944602,-0.8195755503860382,2.88313780461129,-2.123562099701588,2.2983008095127637,-0.5264952615698832,-0.5293464615899771,0.477883119361424,-1.0352642545616766,0.9957953301591437,-0.28634302920730287,-0.5840327690079113,-0.7091802797262806,-0.38821709188736303
leopard,0.2138189497644688,-0.26955288192892385,-0.36626751292264065,-0.2893090818915855,-1.0673429620091874,1.0960468105304506,0.1515390228120506,2.227031237510726,0.45923299501038456,2.9165091535750816,-0.2784228027385122,-0.17090561557758077,-0.2862395641606672,-0.5875550004745959,0.3587487084625004,-0.7292163479935961,-1.207873706507514,2.3348800504819804,-0.400752537595297,-0.40685756132262346,-0.549470328126751,0.498872073541833,1.345153373521042,1.0807395509596993,-0.03644097976884111,0.07008161391024806,-1.2529674938473807,1.8799678859740134,-0.842474488246391,0.11780970891915632,-0.42923944478525533,2.0085394945731103,-0.26781959737459454,-0.6542801059214498,-0.20796957007376515,-0.3760217206271068,-0.3662404079144012,-0.3520354603869078,0.5265939891628357,1.795283468851842,-1.0179968801969113,0.6824360738829678,-0.8572883450299922,1.9805827621160714,-0.5293919967583961,0.8800299905795382,1.5208731938685682,-0.7870985094420447,0.48222846549563986,0.13273700159855578,1.7355685242454353,0.38473129424352237,2.2041032381563572,-0.2874867137088554,-1.1849875208958924,-0.4518106393759897,0.5089365874754772,-0.3872329114802458,1.8664555669283192,-0.2539914235970104,-0.2907170731127744,2.694313073387541,-0.984230551218003,0.7484852073415624,-0.40559196619106863,-0.7421474025094682,-0.6518381199567861,1.5325546891560675,0.7649234752659639,-0.20338115708276416,-0.36538475176295787,2.237820650871769,0.9073341420557255,-0.4152074127884363,0.3315490294892815,-0.46442846253470865,0.6685646638150983,0.20160767110743097,1.8075271640066055,-1.555617986314631,0.19207203180993557,-0.9311494360645551,0.46474907027547147,0.11181435591261997,-0.7375538073513317
lion,-1.3004245659090896,-0.9290061477841965,-0.36626751292264065,0.20259612573615743,-1.1773910254978774,0.5624310313043305,-0.2771185434134829,3.2605934375090744,-0.918677083100526,-0.6552340810194066,-0.33386784072212544,0.6979944199689871,-0.5448036734115652,-0.3974787861886404,0.8739020288487723,-0.9065256324488895,-0.18838494348542295,-0.07488485942652319,-0.400752537595297,-0.40685756132262346,-0.549470328126751,1.191381793057263,1.267001144571932,-0.2870234888174635,-0.4687808268521303,0.6793355848140445,-0.8638282342681984,1.8811027850503672,-0.842474488246391,-0.26936561945982446,-0.42923944478525533,1.527750788524911,-0.26781959737459454,0.4417883516320035,0.06725836886490626,0.10706818109946317,-0.5406373001259884,-0.3520354603869078,0.1724192547488266,0.9519812488734428,-0.6358697442584905,1.5440641721680266,-0.8572883450299922,1.346368070872926,-0.38197831978178765,0.38564004307102084,-0.25650135945700003,0.9094983275381374,-0.30565270330160416,-0.6589861631936051,0.3605797130669869,-0.5216611416077003,2.140890372621099,-0.2874867137088554,-0.9017271829649275,-0.520955249687138,0.5457897829123294,-0.4781380582974912,2.1635087963257207,0.6196118769361474,-0.2907170731127744,2.594525227508264,-1.6075765669894053,0.9114653711326998,-0.5203241297926066,-0.46149021937374024,3.42827029239165,2.4956018244089755,0.048719615031590204,-0.010168623668669916,-0.19503896429216835,1.9950333246852288,0.5902143445193585,-0.4152074127884363,0.4490312368676374,-0.5541391156080777,-0.4087321628918204,0.42241673202643965,1.8145842819457152,-1.3223376029903793,-0.42734081278198915,1.1846068675167283,-0.809808162190665,2.1041704267133663,-0.8327928246533951
mole,0.14276598479824776,-0.9743231671530306,-0.36626751292264065,0.4927341734784352,0.3593201330581917,-0.3966154102637097,-0.2771185434134829,-0.36531150493410997,-0.6220913060425666,-0.6552340810194066,-0.33386784072212544,-0.07801815386511099,-0.11689523130120143,-0.7379347080914942,-1.2366129954483505,1.187851635537036,0.6560445466474942,-0.16524509879550192,-0.400752537595297,0.07457312738758651,-0.549470328126751,0.49141682536523146,0.41256003432028227,-0.7749523931652454,-0.4687808268521303,-1.15800031886869,-0.25308520847073457,-0.6134053847754196,0.5898819168899473,-0.41416919227356325,-0.42923944478525533,0.3036542333915743,-0.26781959737459454,-0.6889292668557001,-0.20796957007376515,-0.3760217206271068,-0.5493051377110574,5.5668276420021545,-0.03211563780025107,-0.9472597791425876,0.3169005813479719,-1.4287680760721995,1.201322621825888,-0.5950710504591491,-0.44742999235940184,-0.19015547812363778,0.45620823865869825,-0.026575012402255765,0.4493182171730618,1.0408584907537919,-0.37176074937827946,-0.7355338258576348,-0.4427044649573982,-0.2874867137088554,0.2804126273336324,2.886886258505175,1.0496515041309287,-0.550248470118766,-0.8282978668624305,0.20377670588236432,-0.2907170731127744,-0.5945623759228502,-0.026246148032479533,-1.0624586067482316,-0.5203241297926066,-0.6381171399604917,-0.6518381199567861,-0.3081494020239905,0.4692328033024309,0.9090020128204034,1.6114618663244882,-0.5820274355944602,-0.7784428569817397,-0.4152074127884363,0.15933079367328226,-0.5541391156080777,-0.05544286685763195,0.14346359237013714,-0.41006836721242695,0.013964866782561381,-0.915412190326935,-1.4610305227807048,1.7108667287931374,0.8419030111347567,-0.4518367554451414
moose,-0.9758328789595782,-0.7477380703088605,-0.36626751292264065,2.0517374030585716,-0.6575239735773052,-0.3966154102637097,0.3350044611565789,-0.36531150493410997,-0.25901120886129264,-0.05970533042008552,-0.33386784072212544,-0.40568416053587064,-0.3282508180925552,0.17788705164992738,1.3475203657468244,-0.9065256324488895,0.40734573075456193,-0.6246555789556785,-0.400752537595297,-0.40685756132262346,2.3337820725952274,-0.9051996663847863,-1.0936148423462644,1.2576252648710893,1.5322987590605386,-0.7406613487995896,1.7093646387612658,-0.5347190488148852,0.08043556660949708,-0.55974711574406,3.399081215060228,-0.9187404148176979,-0.26781959737459454,0.2720074630541766,-0.20796957007376515,-0.3760217206271068,-0.46262676186036794,-0.3520354603869078,0.6803001310784446,-0.8688527005796642,1.1224245839061628,1.2050501180495075,-0.7752065680421182,0.4782585998805357,-0.5293919967583961,1.0630932562834952,-0.968747858418627,0.9660900532100426,-0.6013537404686496,-0.6589861631936051,-1.2621509073453243,-0.41472479948273305,-0.3964962299170044,-0.2874867137088554,1.7159760199677625,-0.589002326501284,1.4834317389450224,2.2003034616384776,-0.14121453520584168,-0.5815926612969445,-0.2907170731127744,-0.13067259652538404,1.7383386259369409,-0.6041067678165575,0.6995082336189443,-0.46149021937374024,-0.425165430381873,-0.5893591655178396,1.6819528950703173,1.5515965059728964,1.071646741451114,-0.42875260845649305,3.6380142396701314,-0.4152074127884363,0.8775742887818673,-0.5092837890713932,-0.5264952615698832,-0.3562986082051741,-0.7475646545357278,0.5971658250931913,-0.7835302234155654,-0.03200010758355117,0.3544731712916071,-1.0188287755208834,-0.7798399310334478
mouse,-0.6601713460768595,1.0323144504989399,-0.36626751292264065,-0.24238648656938414,1.0112448611651923,-0.3966154102637097,-0.2771185434134829,-0.36531150493410997,-0.2753709225424257,-0.35746970571974607,-0.33386784072212544,0.14615512971655809,-0.26068632723302404,-1.0980053744661173,-1.2739645993046638,2.0392908194913546,-0.76691835917962,-0.8029981566576103,-0.400752537595297,-0.31203030445546087,-0.549470328126751,-1.1122898935126062,0.13274714317213057,-0.7749523931652454,-0.4687808268521303,1.0196474457045939,-0.3086765312677606,-0.6606928462901639,1.5085729543522084,-0.12456204664608563,-0.42923944478525533,-0.05800098797211567,-0.26781959737459454,0.09876165838292478,-0.20796957007376515,-0.3760217206271068,-0.5493051377110574,1.7429415969849198,0.18787119494140087,0.5122198082379159,-0.9543090242071745,-1.4777019753387295,2.3196047515086833,-1.4828591687862114,-0.38197831978178765,-0.4165026830070552,0.2533708091754783,-1.040028875200152,0.6541476731508988,0.739402922587671,-0.1993428997181573,-0.7355338258576348,-0.6633949955103189,-0.2874867137088554,0.16975225531526883,0.3329258109806944,-0.39426877609982947,0.0492652196506625,-0.754231544413211,1.2066732948944294,-0.2907170731127744,-0.5689968947471676,0.6088168981105655,0.30494974693635557,-0.5203241297926066,-0.7421474025094682,2.0120193279275926,0.03276928385553888,0.19184943373063618,0.406215240475412,1.465252266724219,-0.5820274355944602,-0.55022275164176,-0.4152074127884363,0.6684203589794915,-0.5541391156080777,-0.5264952615698832,-0.5293464615899771,-1.0589080930258579,1.1074000881631303,-1.1451246326930502,-0.3325015594279097,-1.1000078963587288,0.22355295684155949,0.07731122468512311
otter,0.4440616176604739,-0.9743231671530306,-0.36626751292264065,0.23974318036623352,-0.46207861282139145,-0.3966154102637097,-0.2771185434134829,-0.36531150493410997,-0.918677083100526,-0.6552340810194066,-0.33386784072212544,-0.03669420436310688,-0.4365272457520602,-0.22234713911927118,-0.9378001645978447,1.0240178567003446,-0.19103067556939043,0.273715432454853,1.512479068674059,0.21802974675072986,-0.549470328126751,-0.2491378268438527,-0.2503383362302015,-0.7749523931652454,-0.3894232925123195,-0.1305370150802163,-0.17921728639797405,-0.14053076962797748,0.6737348875882823,0.7953665335823725,-0.42923944478525533,0.30450518685360656,-0.26781959737459454,-0.5607273713989737,-0.20796957007376515,-0.3760217206271068,2.397759641212385,-0.008084003206458511,-1.8225075501135488,-0.09202604720896121,-0.416274016805878,-1.0318162852221087,-0.0364705751512521,-0.877319077945017,-0.4556851582700919,-0.8052639349033108,0.09869569171567096,-1.0758318036864596,-0.17155572133050215,-0.11507878575508805,-0.10094281380101681,2.8288683298517743,-0.6430633720925456,0.10256060116118901,-0.9383621866706656,-0.14669632720933487,-1.2479337785960893,-0.7658125735419387,0.4442245879832015,-0.799993486430234,-0.2907170731127744,-0.43993244945702814,0.44430979169269924,-0.7704325654685102,1.1116261652756685,1.9499162981284346,-0.6518381199567861,-0.910374877268809,-1.0608138632555886,0.134415137290641,-1.0653342000080548,-0.5820274355944602,-0.8195755503860382,0.8924736317175721,-1.678553738419937,2.2717464562030467,-0.5264952615698832,-0.5293464615899771,-0.8513458006991046,0.22700631274078228,-0.34518483339457856,-0.6169888273181802,0.27437804466122134,0.21692439576950373,-0.6792675287624689
ox,0.334570163450232,0.029176909750429976,0.6901236461422817,0.47201002721112956,0.4209470486118585,0.03539407675360109,0.3658678059248173,-0.36531150493410997,0.08559824384128291,0.088938645729505,-0.33386784072212544,-0.655456350888693,0.6808854876940311,1.2973285397173355,0.9214132689540029,-0.9065256324488895,1.1009684921013392,-0.9813407343595422,-0.400752537595297,-0.40685756132262346,2.1462788681044334,-0.8016545528208764,-0.919167902727716,-0.1877837116619824,-0.3100657581725087,0.4978649377662708,1.0772989138087783,-0.6606928462901639,0.248141508006167,-0.55974711574406,2.192390592111727,-0.9187404148176979,-0.19063993656717956,1.555181389652582,0.984684831993811,-0.3760217206271068,-0.5059659497857126,-0.3520354603869078,1.1824881873371147,-1.6128676960734918,2.249444883500545,1.9977792861672923,-0.7752065680421182,0.19769731359478265,-0.5293919967583961,0.8474677611050819,-0.9895873203518345,1.7502896803778734,-0.662753457488385,-0.6589861631936051,-1.3710005599085326,-0.6820656547951512,-0.521073631585906,-0.2874867137088554,1.0331297653288498,-0.31461895225069525,-0.6975524500227753,1.7745451790766957,-0.8527239944786624,-0.5815926612969445,-0.2907170731127744,-0.5945623759228502,0.24090214444097868,0.37042858106945203,-0.5203241297926066,0.6050070765420261,1.614888775792345,0.4860434688479076,1.2109559335374103,-0.7157200097313737,1.0470463961215448,-0.37766099941050396,-0.15614501160702798,-0.4152074127884363,0.9923864459925332,-0.46442846253470865,-0.5264952615698832,-0.4428225348975756,-0.2739075034460767,0.2365931778089022,-1.0229716633407162,-0.6702124386950025,0.38059114736673283,-0.7366414613105116,1.055987366481127
persian+cat,-0.6209563216965955,0.8416204329948864,2.180837787885821,-1.1632424197675835,0.5037031923553533,-0.3966154102637097,-0.2771185434134829,-0.36531150493410997,0.027547646908230302,-0.35746970571974607,-0.05664265080405929,1.5449525354259952,-0.7613565287305751,-0.8644965117069584,-1.0872065800230977,0.5835815941133962,0.24375129689591324,-0.4681896907851836,-0.400752537595297,-0.40685756132262346,-0.549470328126751,2.4032738022092652,1.3071239406841983,-0.36650719922439967,0.08672191352654528,0.8786486695811435,-0.026150767463696822,0.5691594527853037,-0.842474488246391,-0.55974711574406,-0.42923944478525533,1.4503140234799796,-0.26781959737459454,-0.836765686841835,-0.20796957007376515,0.10706818109946317,-0.3326091980843337,-0.3520354603869078,0.6453299506426182,-0.6881755195433624,1.3348872714879247,-0.9852312131203723,1.0818115545315434,-0.8149096535407713,-0.08715096582857088,0.40946606463769675,-1.1618602056663503,1.6116976991405543,-0.26733927988128925,-0.575308105126141,0.40324877687176447,0.9737366666678421,0.1461732823973802,-0.2874867137088554,-0.9961472956085825,-0.040235578000106444,-0.9458584061628764,-0.5260838108382324,-0.42014515379119993,-0.35620300975938984,-0.2907170731127744,-0.22221351299315073,0.2540252184572185,0.35178862098776764,-0.5203241297926066,-0.6381171399604917,0.4815253279177794,-0.5091052375800973,-0.47553495345910174,-0.5971873768728395,-0.6118523625176969,-0.3265693903645149,-0.40493146364915683,-0.4152074127884363,-0.00977238361374505,-0.5092837890713932,-0.40213742936584884,-0.5293464615899771,-0.5304544967619439,0.7713272071640367,0.27098501201100106,-1.1666521412717328,0.6249393235362426,-1.1106816932336554,1.8007564817832629
pig,-0.5378670621186106,-0.0665326351565475,-0.36626751292264065,-0.1407208633712814,-0.0055992454703046425,-0.3966154102637097,0.7945253721503508,0.030184234861176246,1.2698304212755545,0.35621194899848035,-0.33386784072212544,-1.129767523491344,1.1313154267575722,1.2426874658316924,0.1654168069022231,-0.45332310138115967,1.1825452313569995,-1.159683312061474,-0.400752537595297,-0.40685756132262346,1.4099381588020448,-0.4910192121291464,-0.8319444329184418,-0.7175219665706383,-0.3894232925123195,-0.2632673444556861,0.14823845062560365,-0.7791006499230834,-0.3973681532187513,-0.55974711574406,-0.22346000703823943,-0.9187404148176979,0.04089904585506533,1.6643262465954705,-0.20796957007376515,-0.3760217206271068,-0.46262676186036794,-0.3520354603869078,0.11996398409508705,-1.1458342281117306,0.9298325073931987,-0.4035050186398644,0.17365877393770532,-0.7080827108668372,-0.4556851582700919,0.4829296311349461,-1.0859119443986605,1.019216979351015,-0.662753457488385,-0.6589861631936051,-1.3810147279443479,-0.7355338258576348,-0.6925986000558477,-0.2874867137088554,0.6127714238392981,-0.09401471935322188,0.5874761843081125,-0.4044933823949126,-0.7822034002317992,-0.004140879644527294,-0.2907170731127744,-0.5945623759228502,0.37635101553717065,-0.28340386487270636,-0.34822588439029967,0.006271752519139742,-0.425165430381873,-0.3890453613852348,-0.33295990149919935,-0.8785395603612285,0.4213621413242036,-0.47984421750248213,-0.40493146364915683,-0.4152074127884363,0.2051666548852924,-0.4152670246505024,-0.5264952615698832,-0.26977468151277256,-0.053061224410411154,-0.07231691883051795,-0.5711137767099578,-0.13891833574760978,-1.256135353341147,-0.28589930841072286,0.889128608167912
polar+bear,-0.9851513005944924,2.492247546485297,-0.14997120680779172,-1.3923810935909997,-0.6271507080544267,-0.3966154102637097,-0.2771185434134829,-0.10164767840391917,-0.918677083100526,-0.6552340810194066,-0.33386784072212544,1.2432511341945478,-0.7613565287305751,-0.11540007997557639,1.2805862916363109,-0.9065256324488895,1.1622612853799164,-1.159683312061474,-0.400752537595297,-0.10292404572274344,-0.549470328126751,1.0621574913295033,1.2104803361355225,-0.631606048385106,-0.15135068949288713,-1.5931817266571162,0.11168525207413471,1.3594275096197088,-0.5128637543692881,0.2146035410139015,-0.42923944478525533,1.5928487283703752,-0.26781959737459454,0.0086738399538739,-0.20796957007376515,-0.08616777959116481,0.8087716551175455,-0.3520354603869078,0.9645345046208013,-0.18960876998564302,0.3515467750063887,1.539757989032572,-0.8572883450299922,-0.6040670035264277,0.9447447730076878,0.40509796068380627,-0.12637049716297058,0.47639838617151486,-0.29435515536997287,2.4585578976275597,-0.47277322695693685,1.9288920745280498,0.9664618708344505,-0.2874867137088554,-0.6890930892914164,-0.589002326501284,0.7536176391463799,-0.7658125735419387,1.3661139205958266,1.0564135272027264,-0.2907170731127744,0.6581462016855961,-0.04030658447845088,-0.7503587623036193,3.9257766740941897,2.922112780510597,-0.6518381199567861,-0.910374877268809,-1.0608138632555886,-0.9870859274477982,-1.0653342000080548,-0.5820274355944602,-0.7366467330386619,0.8924736317175721,0.25278254954242907,1.0929484748189777,-0.5264952615698832,0.6819885121036442,1.809602786929873,-1.3558916307287991,-0.9381131846313512,-0.8133980834609663,1.3301246775646376,-0.143858714009529,-0.7851733160023634
rabbit,-0.34489808076226225,1.3575093814896926,-0.36626751292264065,0.3281140682230458,0.5706124149564771,-0.3966154102637097,-0.2771185434134829,-0.36531150493410997,0.45553886611464484,-0.21406638257542956,-0.33386784072212544,1.2048527740378183,-0.7613565287305751,-0.7851034983688444,-1.2061340867015988,1.3399830015996774,0.896806166288524,-0.9195153074228724,-0.400752537595297,-0.40685756132262346,-0.549470328126751,0.14764704833305045,0.8758911059471467,-0.567743414011903,-0.29228967048039106,0.6305952671417409,1.137459386424738,-0.9917050768933734,2.349212170032372,-0.55974711574406,-0.42923944478525533,-0.17032684496036765,-0.26781959737459454,-0.5566849692899778,-0.20796957007376515,6.394193398129735,-0.5011119607380741,0.9360665599629345,-1.2337073027754486,0.8578075295125402,-0.5049275123435917,-1.2901872733493869,1.769328518581976,-0.7328215818018534,-0.34541972789158876,-0.2663987471369993,0.4112876207137842,0.0923831048264431,0.12856609546196426,0.3966447231959428,-0.46493605197238586,-0.7355338258576348,-0.9203127823349082,-0.2874867137088554,1.6332640012919208,-0.589002326501284,0.7505968854220476,1.112893794014466,-0.8527239944786624,-0.799993486430234,-0.2907170731127744,-0.5945623759228502,0.7901965282635978,-0.05924639619809221,0.047829544362209174,0.11554094915331657,0.028179948767953232,0.4449534577437835,0.22957357199240044,0.24252731890886464,1.630956479604524,-0.5718091137852624,-0.5542033348744341,-0.4152074127884363,0.7770023991322146,-0.5541391156080777,-0.5264952615698832,-0.026123303946969913,-0.937691714307034,1.7044487404610444,-1.196472119810182,0.3363261233604744,-0.40294813488703946,1.7036159505019999,1.3298947802418617
raccoon,1.0947980618319826,0.5882076606843666,-0.36626751292264065,-0.83830344716134,1.2220969508095227,-0.3966154102637097,-0.2771185434134829,-0.36531150493410997,0.6423562416991957,0.4343453210771113,2.0236551743411093,0.7104281746864044,-0.7613565287305751,-0.9971295457541608,-1.0498549761667844,0.7084073303699225,-0.4820612048058004,-1.159683312061474,-0.400752537595297,0.33899528595948214,-0.549470328126751,0.7167309924802995,1.0471980006525612,-0.7749523931652454,-0.4687808268521303,1.0083327291020947,-0.6338476933818716,0.0013316149162551848,-0.02029347366334558,-0.479214647441232,-0.42923944478525533,0.241960107394239,-0.26781959737459454,-0.13743012198554855,-0.20796957007376515,-0.28790612255218045,-0.5278089005000864,-0.3520354603869078,0.30945356645665784,-0.20963666505334624,-0.8483324318402523,-1.0619595671702913,-0.5512874804191978,-0.7806125824717715,-0.3283197413623022,0.4380572905177073,1.461596502147445,-0.9793948834088252,2.680338334802166,0.9410884984425847,0.037078545649131524,0.6011704507044561,-0.07895323871941828,-0.2874867137088554,-0.21585948472141792,0.76425647530262,1.9232534812077806,-0.6350165606107965,-0.4236908819935562,2.2349043796219563,-0.2907170731127744,-0.2242752453460283,0.7011470974391117,-1.0634145021370358,-0.5203241297926066,0.23977852888806536,-0.6518381199567861,-0.910374877268809,-0.6574984438981991,1.7895301426266577,-0.07992791444814708,-0.5820274355944602,0.8960558228964822,-0.4152074127884363,0.06098394583003764,-0.47949985225103464,1.047290789163748,-0.026123303946969913,0.3197206526084379,-1.4347169657333407,0.8147278755882057,-0.8482524838316288,0.5872133580943943,0.6970216048455391,-0.7851733160023634
rat,0.5729664502767872,0.25032396427034004,-0.36626751292264065,0.2933131433590798,0.6018660649872651,-0.3966154102637097,-0.2771185434134829,-0.36531150493410997,-0.3582249563468734,-0.5956812059594745,-0.33386784072212544,0.030960049246369213,-0.09480684005866241,-0.8126575441744252,-1.2177877871047686,1.7169425403516316,-0.26863881669909967,0.20808536386054216,-0.400752537595297,-0.2038299729019036,-0.549470328126751,-0.21931683413744665,0.6166629536739838,-0.7749523931652454,-0.4687808268521303,1.1784886595473691,-0.8927661831214451,0.6300657032162942,2.1150567046860775,-0.55974711574406,-0.42923944478525533,0.6440356182044589,-0.26781959737459454,1.4991652461422105,-0.20796957007376515,0.25160867969605283,-0.5493051377110574,1.6643894903561256,0.8510847332068991,0.5970187682054255,-0.8055341926151494,-0.7656158732121858,0.3023630002546918,-0.3797304239111663,-0.3955403780636357,0.706100033142807,0.829003057686078,-0.5301258775645156,2.5452589573587483,1.012429406923179,-0.29164740509175807,-0.6820656547951512,0.2829496581169456,-0.2874867137088554,-0.8167490815856381,2.2426340957647923,1.8398806784162136,-0.7658125735419387,0.09280352614967088,4.5158825973140315,-0.2907170731127744,-0.4543645759271715,1.2846552099469282,1.1188946705032385,-0.5203241297926066,0.13125775140891727,0.960258048299996,-0.33062050184655845,0.5840695183051539,0.606808926851393,1.4917092418899822,-0.5252135663353205,-0.32200264630178055,-0.4152074127884363,1.6358685364058012,-0.5541391156080777,-0.4676137122308518,0.8875693619247901,1.3567018650728973,-0.9266131171229838,-0.4657163031537402,-0.568946275455916,0.8727698965157689,0.210295834697448,-0.33983567109791474
rhinoceros,-0.994857989797528,-0.7024210509400265,0.28262140542190617,-0.7362468023355523,1.6380786307967719,-0.3966154102637097,-0.2771185434134829,-0.36531150493410997,-0.7629959367800669,-0.5890112839527621,-0.33386784072212544,-1.7115941045328378,1.5973371714040814,2.400891425117121,1.1763006136694845,-0.9065256324488895,0.9483979419258878,-1.159683312061474,-0.400752537595297,-0.40685756132262346,0.6087525912799235,0.37793138089918604,-1.0936148423462644,-0.32010341453595714,-0.028187796197500736,-1.2863788341662759,-0.8828663585137553,-0.9917050768933734,-0.842474488246391,-0.318149710835576,2.5294573111413388,-0.7591866406866582,1.2498412527424132,0.009828811985015553,-0.20796957007376515,-0.3760217206271068,-0.5493051377110574,-0.3520354603869078,0.11061149397852865,-1.4027878605760937,1.1825459199604744,0.6902654977656126,-0.7752065680421182,-0.8407730186091974,-0.44742999235940184,0.10727269110036183,-1.682846753996539,0.6623426276649182,-0.7855528915278557,-0.6589861631936051,-1.320494321119204,-0.6910483075336485,-0.6264284074780039,-0.2874867137088554,0.2853224731911026,0.4778002325850053,-0.7398430021634251,0.11869066932965577,-0.8527239944786624,-0.799993486430234,-0.2907170731127744,-0.5945623759228502,-1.9965819753279495,1.2020575693292146,-0.5203241297926066,-0.7421474025094682,-0.6518381199567861,1.6288594026813583,-0.0322763288833739,-0.9870859274477982,-1.0653342000080548,0.5534324838436011,-0.8195755503860382,-0.4152074127884363,0.7066910780497134,-0.06826621856271103,-0.5264952615698832,-0.5293464615899771,0.6534808186698572,-0.8456573676588599,-1.2440361078765776,-0.3847831599839031,-0.03845726877195127,-1.6239217076699692,-0.8804123333044269
seal,1.8088221196072833,0.0882703030073895,-0.23129861790697492,-0.14580414453118665,0.7814645046008073,-0.3966154102637097,-0.2771185434134829,-0.36531150493410997,-0.011504572846732227,0.44625589608909777,-0.33386784072212544,-1.005429976317172,1.176791526374564,1.1773049842591279,-0.3503341391457501,-0.044093272858342525,-0.31582103886318436,-0.6393985653790382,2.7551100697054234,-0.25489080352268345,-0.549470328126751,-0.9051996663847863,-0.919167902727716,-0.7749523931652454,-0.07199315515307632,-0.23802682280395748,-1.506555308798198,-0.601678094319763,-0.44694160759386753,0.08296392936504811,-0.42923944478525533,-0.7591866406866582,0.4267973498921402,-0.9297409353487401,-0.20796957007376515,0.3003041417900912,2.2767566285248226,-0.3520354603869078,-1.8607307705899172,-0.5884621696318185,0.5798040508736054,-0.5702717473401985,0.08304049214309248,-0.9301703022152791,-0.4374058623249924,-1.7706149087131144,-0.46304358217279035,-0.019067946751901037,-0.662753457488385,-0.6589861631936051,0.6344454389160192,2.258683753641449,-0.6892716071329393,0.49260791603123344,-0.9372291453189419,-0.4518106393759897,-0.851610889963714,-0.7658125735419387,0.2456638086512514,-0.799993486430234,0.349290572873432,-0.33684583181314676,-0.60928557932543,-0.7952858455774227,2.8931872016803486,3.684751899484748,-0.6518381199567861,-0.910374877268809,-1.0608138632555886,-0.9870859274477982,-1.0653342000080548,-0.5820274355944602,-0.8195755503860382,2.6683044901567317,-1.25891085373134,2.277846780612036,-0.5264952615698832,-0.18325075482037106,-0.5400023622089746,0.3250053778815641,0.5882584324084358,0.8864604427244416,-1.1365730628639048,-0.25749118953048405,0.8159850428799272
sheep,-0.11698501827498563,2.255511437302508,-0.36626751292264065,-1.185530652545629,-0.32429843733355146,-0.3966154102637097,-0.2771185434134829,-0.36531150493410997,-0.918677083100526,-0.6552340810194066,-0.33386784072212544,0.48332930175946026,-0.6262275470115128,-0.7103806622859135,-0.7800269899087775,-0.24161581574153937,0.3628092406744444,-1.0407882602601861,-0.400752537595297,-0.40685756132262346,0.8810228694675971,-0.8016545528208764,-1.0936148423462644,-0.27875350738784,-0.4687808268521303,-1.521376794372026,0.2677978708877007,-0.9444176153786291,-0.05140872694134408,-0.55974711574406,-0.16049149908765256,-0.9187404148176979,-0.26781959737459454,0.08085959190022882,-0.11622692376087469,-0.2794037402817928,-0.5493051377110574,-0.3520354603869078,0.9706339546968172,-1.6392874725457809,1.0679077791789482,-1.08623078120649,1.769328518581976,-1.044868703823082,-0.5293919967583961,0.965009467500681,-1.6314427478946272,0.8713855326978744,-0.7855528915278557,-0.6589861631936051,-1.2273190185250975,-0.7355338258576348,-0.9203127823349082,-0.2874867137088554,1.4081664527494473,-0.589002326501284,-1.1724149354877862,1.8558611753857925,-0.8527239944786624,-0.6907930738635892,-0.2907170731127744,-0.5945623759228502,0.5877262434416084,0.4961288246972206,-0.5203241297926066,-0.36793782499516425,-0.3689506033672945,0.19327713973102364,1.3141425470181178,-0.9328127439045134,1.9595799606108426,-0.47984421750248213,2.484308532733433,-0.4152074127884363,0.8410836031567722,-0.5541391156080777,-0.5264952615698832,-0.5293464615899771,-1.1107986661075462,1.3406804714873823,-1.242414608283405,2.009808346562678,-1.4993227305739847,-1.2688202216669846,0.19312186972443224
siamese+cat,0.8090331316946135,-0.12200066686400025,0.690988831366741,-0.23613014052642411,0.5010620388316249,-0.3966154102637097,-0.2771185434134829,-0.36531150493410997,0.9721891788188124,-0.32459651868666356,-0.33386784072212544,0.9075397568242833,-0.3282508180925552,-0.9228737273967482,-1.2076281508558515,1.274378566351219,-1.012089532293929,1.782255849709594,-0.400752537595297,-0.40685756132262346,-0.549470328126751,1.4920768028468576,1.1469816501143708,0.43200545214701747,0.236548938360108,0.5457348926229977,-0.4168130769825237,0.5180889943493798,-0.842474488246391,0.17123990423545563,-0.42923944478525533,1.6247594831965833,-0.26781959737459454,-0.5047112278886023,-0.20796957007376515,-0.3760217206271068,-0.4723347399556451,-0.3520354603869078,0.7144570515041356,0.004704424713775946,-0.08407815996341102,-1.126943785396243,1.0397856847137519,0.4518329877454047,0.06026271114803753,0.9769224782840187,-0.062462813901133965,0.6282720989440771,0.6467797071085307,-0.35753059502748424,1.2544530599160542,0.5643843490134673,0.5816396894180512,-0.2874867137088554,-1.04335735193041,-0.16206179616736788,-0.17254545273385113,-0.7658125735419387,0.5104115144271848,0.804815776649177,-0.2907170731127744,1.533557758717437,0.8909629894597266,0.5377102741102089,-0.46938304915352375,-0.1598772998972112,-0.45055277161426316,-0.5534054058017311,-0.629205340201876,-0.7943075795020502,-0.6011767409595821,-0.49128873792878364,-0.45070817082490855,-0.4152074127884363,0.5651784191621484,-0.474476055678926,-0.05544286685763195,-0.4525132146871246,0.3828195894757707,-0.020654368185649443,1.0428188183611484,-1.3041857211127246,1.259896341895966,-0.34839716994724823,2.2072366076284697
skunk,2.0429474631845026,2.1199229153509562,-0.36626751292264065,-1.5143798414287228,-1.1773910254978774,-0.3966154102637097,-0.2771185434134829,-0.36531150493410997,-0.5777617592936901,-0.5956812059594745,3.4701053252576113,1.172305592571638,-0.7345039746710178,-0.7771641970350329,-1.2739645993046638,1.3747356213529152,0.029446998094556594,-0.3569039222991781,-0.400752537595297,0.09949567566677668,-0.549470328126751,1.1830981839721504,0.9924216616123369,-0.7110897587920423,-0.29228967048039106,1.5980035366554117,-0.8402209602037081,-0.6606928462901639,0.11313295141010574,-0.17257178736507925,-0.42923944478525533,-0.17117779842239983,-0.26781959737459454,4.484190460627879,-0.20796957007376515,-0.3760217206271068,-0.26049278937656006,-0.1613750074043971,0.6115796602219952,-0.550537006631274,0.5599334398048075,-1.3555629627694707,1.509293449084391,-1.3068758369075728,-0.23456464280517927,0.5953090328577656,-0.7631318340109791,-0.06930753995042929,0.9640934446665229,1.1476016545706214,-0.8628903817434757,-0.43867854011872565,-0.7583991267533685,-0.2874867137088554,0.443948262432443,0.12000431256223743,0.7155561422197949,-0.7658125735419387,-0.6884385877694896,-0.3142700513337983,0.4199474169903093,-0.5945623759228502,1.059688226811384,-1.1981957519584456,-0.5203241297926066,-0.7421474025094682,-0.6518381199567861,-0.3755627014916941,-0.4172844458490249,1.090491538589148,1.3232200842553863,-0.5820274355944602,-0.44672758759223447,-0.4152074127884363,1.1614896232795606,-0.40952554285380677,-0.3729321808936893,0.16284495194923504,-0.39304825924163317,0.9002172819687604,-1.1408006337779235,-1.3432791701771158,1.2778887254143863,-0.2565442522344759,-0.6369814050803527
spider+monkey,0.025897446793698847,-0.7288861902514255,-0.36626751292264065,0.6444505650202192,0.34039186613813704,-0.3966154102637097,-0.2771185434134829,-0.36531150493410997,-0.918677083100526,-0.6552340810194066,-0.1954770259150268,0.6211976996555281,-0.5448036734115652,-0.7916417465261009,-0.676338937603652,0.697768773302605,-1.207873706507514,0.9770985589112723,-0.400752537595297,3.7047550377125535,-0.549470328126751,0.44088680994604346,-0.13415667444424836,1.7836879724776902,-0.4687808268521303,1.1162577182336244,-0.11829528881219206,-0.8736755729525717,-0.842474488246391,-0.318149710835576,-0.42923944478525533,-0.9187404148176979,-0.26781959737459454,-0.31009844064122943,-0.20796957007376515,-0.3760217206271068,-0.5493051377110574,-0.3520354603869078,-0.48672798346599416,0.6387790600487215,-0.5721818882687537,-0.5315160991211066,0.3397922905611624,-0.16495204442988837,1.4052650998826126,-0.9307476484878021,1.6635077333225228,-0.7870985094420447,-0.5399540234489143,-0.6589861631936051,2.311600885609934,-0.7090136130106429,-0.5735661865917933,-0.2874867137088554,0.7623328822668475,0.7905972792306766,0.8140327136330225,0.04542955944740315,-0.6557390943477597,-0.5815926612969445,-0.2907170731127744,-0.5087943100431409,-1.1356145836196292,-0.053511023865266384,-0.5203241297926066,-0.7421474025094682,-0.6518381199567861,-0.3485973817046127,-0.99146802086264,0.45701494027192646,-0.8912751528648776,1.9472115786181832,-0.5707890983439093,-0.4152074127884363,-1.2059548587388234,-0.5541391156080777,3.0539739906379384,-0.4428225348975756,-0.37561302668618585,-0.29441262624196335,1.1563237898832288,0.37871661029776665,-0.9549080292746968,1.0199272227842533,-0.48878949415834205
squirrel,-0.9634083167796925,-0.496137978773094,-0.36626751292264065,1.008100678767279,2.021486083991368,-0.3966154102637097,0.2578460992359829,-0.36531150493410997,-0.4020267703963585,-0.5361283308995424,0.22058253911400688,1.1276903550561999,-0.7613565287305751,-0.4736026754481263,-1.1950780119601303,1.7211979631785583,-1.207873706507514,-0.2284972663537872,-0.400752537595297,0.6380658653097642,-0.549470328126751,0.8028805269654729,0.4132578220787563,-0.7110897587920423,-0.2218201799866391,1.6571882081146376,0.4947323118947387,-0.9917050768933734,1.7648782610150435,-0.55974711574406,-0.42923944478525533,0.32322616301831525,-0.26781959737459454,-1.1780599220442012,0.747621833921302,1.4032950054121958,-0.4192875739350232,0.26265384002870673,-0.5940783048038798,0.5028450488445229,-0.8126672324859998,-0.922987293253346,0.4540501241282829,-0.6743478868645423,1.5957235705363906,-0.5229255793382058,1.0665729237246437,-1.0758318036864596,-0.29435515536997287,2.090589001253967,1.0894369866302303,-0.575129312670184,-0.8741045472945145,-0.2874867137088554,1.2121502989012196,-0.17742726512540086,3.329112264511954,-0.6699210684604562,-0.8527239944786624,-0.799993486430234,-0.2907170731127744,-0.5945623759228502,1.059688226811384,-0.3966774684460191,-0.34822588439029967,-0.18083303623801225,-0.6518381199567861,-0.26834345376687035,-0.5060471241119993,1.9015499934599978,-0.14166085650159405,-0.3265693903645149,-0.15614501160702798,-0.4152074127884363,-0.8472781195458126,-0.5092837890713932,2.817505688492388,-0.4428225348975756,-0.7820199950619691,0.4767974081267962,-0.8175817148721896,-1.029118561430741,-0.1887807310710085,0.06257361652020613,-0.41336019245510774
tiger,0.27555349309577526,0.11763573155839403,-0.04182305375036724,-0.7323365860587021,-1.0673429620091874,4.9329635573221,0.5801965890375841,1.4465863109813615,-0.4827698734032406,-0.36556889672789683,3.6271256728272037,0.6687385265162408,-0.6470166211221379,-0.40868721160108,1.0675327432399002,-0.9065256324488895,-0.5865676221225113,1.1644771605501019,-0.400752537595297,-0.40685756132262346,-0.549470328126751,1.6444952100129333,1.028706625052995,0.10717895932791967,0.06005778198836885,0.8721209484643175,0.053809354367641754,2.2571326790156134,0.2708187264969117,-0.55974711574406,-0.42923944478525533,2.274462451458177,-0.26781959737459454,0.3563204213275192,-0.20796957007376515,-0.3760217206271068,-0.37594838600967845,-0.3520354603869078,0.9799864448133756,1.4096399574418106,-0.8269333122277008,1.812221940148611,-0.8572883450299922,3.111823860326363,-0.5293919967583961,0.8450851589484143,0.9480195402823967,-0.6069289338335299,1.0927872515398884,0.10484431557606776,1.4686691761604485,-0.15337237932931305,2.2946713788355293,-0.2874867137088554,-1.057331528601671,-0.4518106393759897,-1.0588345954528982,-0.7658125735419387,2.4932615191448524,-0.5597525787836156,-0.2907170731127744,3.001923540436883,-1.5054040621486793,1.7364030916708326,-0.4629580479918376,-0.7421474025094682,-0.425165430381873,2.1604614213409636,0.34940318764741574,-0.06140250893353086,-0.9492948352459367,2.51575900408195,0.16760909131712906,-0.4152074127884363,1.2691816467097203,-0.40844901501692643,-0.22549278134875467,0.8647270452779963,2.3683604778734932,-1.3558916307287991,0.16126353953965694,-0.3325015594279097,0.7851295767970137,0.3258221848104189,-0.7607921275730352
walrus,-0.6419227703751526,-0.7995807404668066,-0.36626751292264065,1.1285353400942622,0.771340082759848,-0.3966154102637097,-0.2771185434134829,-0.36531150493410997,-0.30597941910712606,-0.03016710439035923,-0.33386784072212544,-1.0588219818684341,1.2283311059404884,1.7419294144107746,1.010758305378304,-0.8178709902212429,2.4114877843598403,-0.7264297432975809,2.464247156590149,-0.3308741824226535,-0.549470328126751,-0.9051996663847863,-0.8535758534311418,-0.7749523931652454,-0.1907120265254333,-1.1249265318767696,0.20687587330191898,0.2143143415786631,0.6405101256134703,1.3559964090751366,-0.42923944478525533,-0.7060020493096449,5.3348063399572725,0.3332209807046857,-0.20796957007376515,0.010450200754149177,2.115188135939137,-0.3520354603869078,-1.7716787994800802,-0.7827753643312374,0.9721212437703842,0.4773051681576742,-0.5289612370784961,-0.5871995915252802,-0.10543026177367029,-1.7455975860681052,-1.3985038733967736,1.7907123415720916,-0.662753457488385,-0.2899444712037632,-0.8951098789021855,2.542278932956862,-0.587613490044073,-0.2874867137088554,-0.8688689837649357,-0.31461895225069525,-0.8328822168728548,-0.7562234230337904,-0.05060148114562637,0.23784723460315754,-0.2907170731127744,-0.1822159053473247,-0.3365131122735834,-1.437169599159527,3.2176497603454983,2.1602220806914736,-0.6518381199567861,-0.910374877268809,-1.0608138632555886,-0.9870859274477982,-1.0653342000080548,-0.5820274355944602,-0.8195755503860382,2.3563291552531553,-1.5673016480995243,1.6814503589802785,-0.5264952615698832,-0.5293464615899771,-0.28054949680053287,0.011834452322979217,-0.5213877891859986,1.3843131615324147,-0.8498557255058579,1.2187840549459248,-0.2613587208410145
weasel,-0.18648491296872072,-0.4627846525176322,-0.36626751292264065,0.9287232883472216,0.15815227300086626,-0.3966154102637097,-0.2771185434134829,-0.10164767840391917,-0.04211306941143275,-0.23836395559988185,-0.22297776475489897,-0.0926461005914844,-0.7072183149008227,-0.9228737273967482,-1.2366129954483505,0.9367816887483403,-1.207873706507514,1.4108277078823706,-0.400752537595297,-0.40685756132262346,-0.549470328126751,-0.2491378268438527,0.4488449977609403,-0.4878002601922099,0.24543698220616686,-0.6988839336519006,-0.7092386653942769,0.40308588794552197,-0.4764747293492559,-0.55974711574406,-0.42923944478525533,0.7465755103793406,-0.26781959737459454,0.0023214937825946982,-0.20796957007376515,0.20368616144477716,-0.03166187713073985,1.2365474338633713,0.08336728363898942,0.7828094543653962,-0.9023397337195492,-1.1296840837551685,-0.05157362211702094,-0.27459022243734693,-0.3082714812934835,0.0719307591097931,0.6071785628859354,-1.1480151272475634,0.6055190972712685,-0.46749214569306213,0.5208064016400297,-0.32575376283476026,0.6829281406265941,-0.2874867137088554,-0.8673582619626371,-0.17742726512540086,0.41589737276604766,-0.4781380582974912,0.7897361028128048,0.19853508607916534,-0.2907170731127744,0.22353302169899233,-0.43259276132105534,-1.1155108008268715,-0.5203241297926066,-0.26390756244618774,0.4815253279177794,0.13292618592184133,-0.14877734410352755,0.3875452653365219,1.0526162856301267,-0.5309358265484712,-0.16808676130505015,-0.4152074127884363,-0.12547455754697442,-0.35964641974501366,0.06232023182043086,0.16284495194923504,1.3537959929803232,-1.3558916307287991,0.15964203994648432,-0.8458974567795567,0.024806273276686636,-1.0188287755208834,-0.8327928246533951
wolf,0.32486347424719636,-0.10568653989122004,-0.36626751292264065,0.7562827505381322,1.1970059923341012,-0.3966154102637097,-0.2771185434134829,-0.36531150493410997,0.13256645408711634,-0.6552340810194066,-0.33386784072212544,0.7042112973276957,-0.7613565287305751,-0.8841112561787278,-0.07243820645477961,-0.5192821551985288,-0.9781359705496812,0.816352448875931,-0.400752537595297,-0.40685756132262346,-0.549470328126751,0.8724628432804203,0.9980039636801306,-0.7032792207751757,0.04799543676871764,0.6954372969022165,0.36146544217584076,1.2334537121444304,-0.842474488246391,-0.55974711574406,-0.1855965904927885,0.1743093071626782,-0.26781959737459454,-1.0498580265874746,-0.20796957007376515,-0.3760217206271068,-0.5493051377110574,-0.2330633377258211,-0.6859766859491909,0.852267898961899,-1.0179968801969113,0.9349349940982623,-0.8572883450299922,2.0463656689205467,-0.5293919967583961,0.9928064926618025,1.7922492981543383,-1.2201984508086672,1.1212767202370455,-0.43530827720557597,1.2601132418493415,-0.6166206134146712,2.0285119450028612,-0.2874867137088554,-1.2321975772177198,-0.589002326501284,0.06428163925378773,-0.7658125735419387,1.9629781679924616,2.117841537350513,-0.2907170731127744,2.434122450454385,0.6669333687539143,0.2786626237442367,1.1368672412680068,0.13125775140891727,-0.6518381199567861,-0.3004450249419673,0.550228747217395,0.4999993016382082,-0.2809080942161359,-0.1422308649265863,0.7374959241282988,-0.4152074127884363,0.14331049266714285,-0.5541391156080777,-0.5264952615698832,1.5811451582910807,2.033770062642767,-1.555617986314631,1.5065677020085055,0.7437458033688918,0.9017898699325753,-0.23665856901830903,-0.7851733160023634
zebra,1.9284085305886827,2.1086842945474857,-0.36626751292264065,-1.5143798414287228,-1.1773910254978774,-0.3966154102637097,-0.2771185434134829,-0.36531150493410997,-0.918677083100526,-0.6552340810194066,4.051169323325878,-0.4221406006030406,-0.42829823724993776,-0.1849857210778057,0.18483964090750593,-0.6164476430800295,-0.6840187538819759,0.6827144106512836,-0.400752537595297,-0.40685756132262346,2.436908835065164,-1.1122898935126062,-1.0936148423462644,1.01779580341201,0.9202934542319178,0.6449562535987589,2.565318704841502,-0.9917050768933734,-0.08410611174195265,-0.07577795527033405,-0.42923944478525533,-0.9187404148176979,-0.26781959737459454,-0.739170550210363,-0.20796957007376515,-0.05370413819513932,-0.5493051377110574,-0.3520354603869078,1.1300329166833747,1.181236728584599,-0.9543090242071745,-0.3091604608539947,0.20977475581236993,0.6615511436263382,-0.5293919967583961,1.3168403859685895,0.16352957328564993,-0.06526527383100746,-0.7855528915278557,-0.6589861631936051,-0.24897834128698035,-0.7355338258576348,-0.7303045198488091,-0.2874867137088554,1.5739681705517052,-0.589002326501284,0.6146629678271017,2.2517013083621524,-0.6884385877694896,-0.799993486430234,-0.2907170731127744,-0.5945623759228502,-1.8662885975952803,2.1015551301940847,-0.5203241297926066,-0.7421474025094682,-0.6518381199567861,1.7559816245347424,2.2073169970392965,-0.6071736426448039,0.28489984836395255,-0.17329456322654763,-0.15614501160702798,-0.4152074127884363,1.5588820899040754,-0.5541391156080777,-0.5264952615698832,-0.5293464615899771,-1.1107986661075462,1.2804962630041847,-0.593274271149983,2.3352730851589976,-1.4267727970319686,-0.17131989559375974,-0.5969810178134861
